size,std::sort,quickSort,heapSort,mergeSort
100,0.057916,0.080834,0.092208,0.207833
200,0.129291,0.164959,0.191208,0.4535
500,0.349583,0.442791,0.591292,1.27854
1000,0.675042,0.84125,1.31642,2.20617
1200,0.939209,1.16746,1.438,3.39704
1500,1.01533,1.26404,1.53829,3.46529
2000,1.16292,1.41387,1.78446,4.1725
5000,2.47604,2.96067,3.94021,9.159
10000,4.35942,5.13829,6.9,15.5779
50000,24.4876,29.1292,40.2632,82.0645
