size,std::sort,quickSort,heapSort,mergeSort
100,0.063083,0.081417,0.091167,0.249167
200,0.150625,0.15,0.169375,0.477125
500,0.415834,0.359167,0.495916,1.1115
1000,0.73625,0.895125,1.01537,2.90617
1200,0.781458,0.845417,1.12058,3.0805
1500,0.769334,1.12875,1.20796,2.80071
2000,0.978209,1.12642,1.46325,3.36183
5000,2.23663,2.57592,3.44558,7.85487
10000,4.05162,4.93725,7.01008,14.2193
50000,24.4156,29.107,41.3009,82.5536
